Book_id,Status,Number_of_copies
3000,available,10
3000,borrowed,2
3000,lost,2
3000,damaged,1
3001,available,9
3001,borrowed,3
3001,damaged,1
3002,available,5
3002,borrowed,2
3003,available,12
3003,borrowed,3
3003,lost,1
3003,damaged,2
3004,available,7
3004,borrowed,5
3004,damaged,2
3005,available,6
3005,damaged,1
3006,available,7
3006,borrowed,1
3006,lost,1
3006,damaged,2
3007,available,8
3007,borrowed,3
3007,lost,1
3007,damaged,2
3008,available,7
3008,borrowed,2
3008,lost,1
3008,damaged,1
3009,available,10
3009,borrowed,4
3009,lost,3
3009,damaged,2
3010,available,8
3010,borrowed,5
3010,lost,1
3010,damaged,1
3011,available,10
3011,borrowed,1
3011,lost,1
3011,damaged,3
3012,available,11
3012,borrowed,3
3012,lost,1
3012,damaged,3
3013,available,13
3013,borrowed,6
3013,lost,2
3013,damaged,4
3014,available,12
3014,borrowed,6
3014,lost,1
3014,damaged,4
3015,available,10
3015,borrowed,2
3015,damaged,1
3016,available,8
3016,borrowed,2
3016,damaged,4
3017,available,9
3017,borrowed,1
3017,damaged,5
3018,available,8
3018,borrowed,3
3018,lost,2
3018,damaged,1
3019,available,10
3019,borrowed,6
3019,damaged,3
3020,available,6
3020,borrowed,4
3020,damaged,1
3021,available,16
3021,lost,4
3021,damaged,4
3022,available,12
3022,borrowed,2
3022,lost,1
3022,damaged,5
3023,available,7
3023,borrowed,1
3023,damaged,2
3024,available,12
3024,borrowed,1
3024,lost,1
3024,damaged,6
3025,available,7
3025,borrowed,2
3025,lost,1
3025,damaged,2
3026,available,9
3026,borrowed,1
3026,lost,3
3027,available,8
3027,borrowed,2
3028,available,12
3028,borrowed,5
3028,lost,3
3028,damaged,3
3029,available,10
3029,borrowed,2
3029,lost,3
3029,damaged,1
3030,available,9
3030,borrowed,3
3030,lost,1
3030,damaged,1
3031,available,10
3031,borrowed,1
3031,damaged,5
3032,available,9
3032,borrowed,6
3032,damaged,3
3033,available,9
3033,damaged,1
3034,available,7
3034,borrowed,4
3034,lost,1
3034,damaged,2
3035,available,10
3035,borrowed,3
3035,lost,1
3035,damaged,1
3036,available,9
3036,borrowed,1
3036,damaged,3
3037,available,9
3037,lost,2
3037,damaged,3
3038,available,9
3038,borrowed,4
3038,lost,1
3038,damaged,1
3039,available,9
3039,borrowed,4
3039,lost,1
3039,damaged,2
3040,available,9
3040,borrowed,3
3040,lost,1
3040,damaged,5
3041,available,8
3041,borrowed,5
3041,lost,1
3042,available,7
3042,damaged,1
3043,available,7
3043,borrowed,1
3043,damaged,2
3044,available,8
3044,borrowed,7
3044,lost,1
3045,available,7
3045,borrowed,4
3046,available,12
3046,borrowed,7
3046,lost,2
3046,damaged,3
3047,available,7
3047,damaged,1
3048,available,6
3048,borrowed,4
3049,available,11
3049,borrowed,2
3049,lost,2
3050,available,8
3050,borrowed,5
3050,lost,1
3050,damaged,2
3051,available,13
3051,borrowed,5
3051,damaged,5
3052,available,8
3052,borrowed,5
3052,lost,2
3053,available,13
3053,borrowed,7
3053,lost,2
3053,damaged,2
3054,available,11
3054,borrowed,1
3054,lost,2
3055,available,12
3055,lost,1
3055,damaged,4
3056,available,12
3056,borrowed,2
3056,lost,3
3056,damaged,4
3057,available,11
3057,borrowed,2
3057,lost,2
3057,damaged,2
3058,available,11
3058,borrowed,3
3058,lost,3
3058,damaged,3
3059,available,7
3059,damaged,1
3060,available,12
3060,lost,1
3060,damaged,4
3061,available,10
3061,borrowed,1
3061,lost,1
3061,damaged,4
3062,available,8
3062,borrowed,2
3062,lost,1
3062,damaged,2
3063,available,11
3063,borrowed,2
3063,lost,1
3063,damaged,2
3064,available,6
3064,borrowed,2
3064,damaged,2
3065,available,10
3065,borrowed,5
3065,lost,1
3065,damaged,2
3066,available,11
3066,borrowed,2
3066,lost,2
3066,damaged,2
3067,available,10
3067,borrowed,2
3067,lost,1
3067,damaged,3
3068,available,11
3068,borrowed,3
3068,lost,1
3068,damaged,4
3069,available,10
3069,borrowed,6
3069,lost,1
3069,damaged,2
3070,available,9
3070,borrowed,3
3070,damaged,1
3071,available,7
3071,borrowed,3
3071,damaged,1
3072,available,7
3072,borrowed,1
3072,lost,2
3072,damaged,1
3073,available,12
3073,borrowed,5
3073,lost,2
3073,damaged,4
3074,available,6
3074,borrowed,4
3074,lost,1
3075,available,8
3075,borrowed,3
3075,lost,2
3075,damaged,1
3076,available,9
3076,borrowed,4
3076,damaged,3
3077,available,7
3077,borrowed,2
3077,damaged,2
3078,available,13
3078,borrowed,1
3078,lost,1
3078,damaged,4
3079,available,11
3079,lost,1
3079,damaged,4
3080,available,9
3080,borrowed,4
3080,lost,1
3080,damaged,1
3081,available,7
3081,borrowed,2
3082,available,12
3082,borrowed,1
3082,lost,1
3082,damaged,4
3083,available,10
3083,borrowed,1
3083,lost,1
3083,damaged,1
3084,available,9
3084,borrowed,4
3084,damaged,1
3085,available,7
3085,borrowed,1
3085,damaged,1
3086,available,13
3086,borrowed,2
3086,lost,1
3086,damaged,4
3087,available,9
3087,borrowed,3
3087,lost,2
3087,damaged,2
3088,available,11
3088,borrowed,4
3088,lost,1
3088,damaged,3
3089,available,10
3089,borrowed,4
3089,lost,1
3089,damaged,3
3090,available,9
3090,borrowed,5
3090,lost,1
3090,damaged,2
3091,available,8
3091,borrowed,5
3091,damaged,2
3092,available,10
3092,borrowed,3
3092,lost,2
3092,damaged,3
3093,available,12
3093,borrowed,2
3093,damaged,2
3094,available,9
3094,borrowed,3
3094,lost,2
3094,damaged,2
3095,available,9
3095,borrowed,1
3095,damaged,3
3096,available,8
3096,borrowed,2
3096,damaged,4
3097,available,12
3097,borrowed,5
3097,damaged,4
3098,available,10
3098,borrowed,3
3098,lost,1
3098,damaged,2
3099,available,13
3099,borrowed,2
3099,lost,2
3099,damaged,3
3100,available,11
3100,borrowed,2
3100,lost,1
3100,damaged,3
3101,available,8
3101,borrowed,1
3101,lost,3
3101,damaged,3
3102,available,7
3102,borrowed,1
3102,damaged,1
3103,available,12
3103,borrowed,1
3103,damaged,4
3104,available,11
3104,borrowed,4
3104,lost,1
3104,damaged,4
3105,available,11
3105,borrowed,2
3105,damaged,4
3106,available,11
3106,borrowed,2
3106,lost,2
3106,damaged,2
3107,available,10
3107,borrowed,4
3107,lost,1
3107,damaged,2
3108,available,10
3108,borrowed,2
3108,lost,3
3108,damaged,1
3109,available,10
3109,borrowed,3
3109,lost,4
3110,available,6
3110,borrowed,3
3110,damaged,1
3111,available,9
3111,borrowed,5
3111,damaged,4
3112,available,9
3112,borrowed,4
3112,lost,2
3112,damaged,3
3113,available,8
3113,borrowed,4
3113,lost,1
3113,damaged,2
3114,available,11
3114,borrowed,6
3114,lost,1
3114,damaged,3
3115,available,12
3115,borrowed,5
3115,damaged,2
3116,available,10
3116,borrowed,4
3116,damaged,2
3117,available,7
3117,borrowed,2
3117,lost,1
3117,damaged,2
3118,available,12
3118,borrowed,6
3118,lost,2
3118,damaged,3
3119,available,9
3119,borrowed,5
3119,lost,2
3119,damaged,1
3120,available,14
3120,borrowed,5
3120,lost,2
3120,damaged,3
3121,available,16
3121,borrowed,5
3121,damaged,5
3122,available,9
3122,borrowed,5
3122,damaged,3
3123,available,11
3123,borrowed,2
3123,damaged,3
3124,available,9
3124,borrowed,5
3124,damaged,1
3125,available,10
3125,borrowed,3
3125,damaged,3
3126,available,12
3126,borrowed,4
3126,lost,3
3126,damaged,4
3127,available,8
3127,borrowed,3
3127,lost,1
3127,damaged,1
3128,available,7
3128,borrowed,1
3128,lost,1
3129,available,10
3129,borrowed,2
3129,lost,2
3129,damaged,2
3130,available,7
3130,borrowed,2
3130,damaged,1
3131,available,11
3131,borrowed,3
3131,damaged,3
3132,available,14
3132,borrowed,2
3132,lost,3
3132,damaged,3
3133,available,10
3133,borrowed,1
3133,damaged,1
3134,available,7
3134,borrowed,3
3134,lost,2
3135,available,10
3135,borrowed,3
3135,damaged,3
3136,available,9
3136,borrowed,7
3136,lost,1
3136,damaged,1
3137,available,7
3137,borrowed,1
3137,damaged,1
3138,available,9
3138,borrowed,2
3138,lost,1
3138,damaged,2
3139,available,8
3139,borrowed,2
3139,lost,2
3139,damaged,2
3140,available,9
3140,borrowed,2
3140,damaged,1
3141,available,6
3142,available,10
3142,borrowed,3
3142,lost,3
3142,damaged,1
3143,available,14
3143,borrowed,3
3143,lost,2
3143,damaged,3
3144,available,9
3144,borrowed,4
3144,lost,2
3144,damaged,2
3145,available,8
3145,borrowed,2
3145,lost,1
3146,available,8
3146,borrowed,1
3146,damaged,3
3147,available,7
3147,borrowed,1
3147,damaged,2
3148,available,13
3148,borrowed,2
3148,lost,1
3148,damaged,5
3149,available,10
3149,borrowed,4
3149,lost,3
3149,damaged,3
3150,available,10
3150,borrowed,1
3150,lost,1
3150,damaged,2
3151,available,5
3151,borrowed,2
3152,available,10
3152,borrowed,1
3152,damaged,4
3153,available,6
3153,borrowed,5
3154,available,13
3154,borrowed,6
3154,lost,3
3154,damaged,3
3155,available,7
3156,available,10
3156,borrowed,3
3156,lost,1
3156,damaged,3
3157,available,11
3157,borrowed,8
3157,damaged,3
3158,available,12
3158,borrowed,1
3158,lost,2
3158,damaged,4
3159,available,10
3159,borrowed,2
3159,lost,3
3160,available,13
3160,borrowed,4
3160,lost,1
3160,damaged,4
3161,available,7
3161,borrowed,2
3161,damaged,1
3162,available,10
3162,borrowed,4
3162,lost,1
3162,damaged,5
3163,available,11
3163,borrowed,1
3163,damaged,4
3164,available,10
3164,borrowed,3
3164,lost,1
3164,damaged,3
3165,available,8
3165,borrowed,5
3165,damaged,1
3166,available,6
3166,borrowed,2
3166,lost,1
3167,available,9
3167,borrowed,5
3167,damaged,3
3168,available,7
3168,borrowed,5
3168,damaged,1
3169,available,8
3169,borrowed,2
3169,damaged,3
3170,available,6
3170,borrowed,1
3171,available,11
3171,borrowed,2
3171,lost,1
3171,damaged,2
3172,available,14
3172,borrowed,3
3172,lost,2
3172,damaged,3
3173,available,7
3173,borrowed,1
3173,lost,1
3173,damaged,2
3174,available,7
3174,borrowed,2
3174,damaged,2
3175,available,8
3175,lost,1
3175,damaged,2
3176,available,8
3176,borrowed,5
3177,available,10
3177,damaged,5
3178,available,12
3178,borrowed,2
3178,lost,1
3178,damaged,5
3179,available,9
3179,borrowed,2
3179,lost,1
3179,damaged,3
3180,available,9
3180,borrowed,2
3180,lost,2
3180,damaged,2
3181,available,9
3181,borrowed,1
3181,lost,3
3181,damaged,2
3182,available,11
3182,borrowed,1
3182,lost,2
3182,damaged,5
3183,available,8
3183,damaged,2
3184,available,10
3184,borrowed,5
3184,lost,2
3184,damaged,1
3185,available,10
3185,borrowed,4
3185,lost,1
3185,damaged,2
3186,available,8
3186,borrowed,3
3186,lost,1
3186,damaged,3
3187,available,10
3187,borrowed,2
3187,lost,1
3187,damaged,4
3188,available,8
3188,borrowed,2
3188,damaged,1
3189,available,7
3189,lost,1
3189,damaged,1
3190,available,9
3190,borrowed,2
3190,lost,2
3190,damaged,2
3191,available,7
3191,borrowed,1
3191,damaged,2
3192,available,11
3192,borrowed,1
3192,damaged,4
3193,available,12
3193,borrowed,3
3193,lost,1
3193,damaged,4
3194,available,6
3194,borrowed,2
3195,available,11
3195,borrowed,4
3195,lost,1
3195,damaged,6
3196,available,8
3196,borrowed,1
3196,damaged,2
3197,available,9
3197,borrowed,3
3197,lost,1
3197,damaged,2
3198,available,9
3198,lost,1
3198,damaged,2
3199,available,9
3199,borrowed,1
3199,lost,1
3199,damaged,1
3200,available,10
3200,borrowed,4
3200,lost,3
3200,damaged,1
3201,available,11
3201,borrowed,2
3201,lost,1
3201,damaged,3
3202,available,8
3202,borrowed,6
3202,damaged,2
3203,available,9
3203,borrowed,2
3203,damaged,3
3204,available,8
3204,borrowed,5
3204,lost,1
3204,damaged,2
3205,available,12
3205,borrowed,5
3205,lost,1
3205,damaged,4
3206,available,8
3206,borrowed,4
3206,lost,1
3206,damaged,1
3207,available,8
3207,borrowed,3
3207,lost,1
3207,damaged,2
3208,available,9
3208,borrowed,1
3208,lost,1
3208,damaged,1
3209,available,10
3209,borrowed,6
3209,lost,2
3209,damaged,1
3210,available,10
3210,borrowed,2
3210,damaged,4
3211,available,9
3211,borrowed,5
3211,lost,1
3211,damaged,2
3212,available,8
3212,borrowed,2
3212,lost,2
3212,damaged,1
3213,available,9
3213,borrowed,2
3213,lost,2
3213,damaged,3
3214,available,11
3214,borrowed,4
3214,lost,1
3214,damaged,3
3215,available,9
3215,borrowed,6
3215,lost,1
3215,damaged,2
3216,available,13
3216,borrowed,2
3216,lost,1
3216,damaged,5
3217,available,6
3217,borrowed,2
3217,damaged,1
3218,available,8
3218,borrowed,3
3218,lost,1
3218,damaged,1
3219,available,9
3219,borrowed,3
3219,lost,1
3219,damaged,1
3220,available,14
3220,borrowed,2
3220,lost,1
3220,damaged,4
3221,available,9
3221,borrowed,3
3221,damaged,4
3222,available,11
3222,borrowed,4
3222,lost,1
3222,damaged,3
3223,available,10
3223,borrowed,1
3223,damaged,3
3224,available,7
3224,borrowed,1
3224,damaged,2
3225,available,9
3225,lost,1
3225,damaged,3
3226,available,14
3226,borrowed,4
3226,lost,2
3226,damaged,4
3227,available,6
3227,borrowed,2
3227,damaged,1
3228,available,7
3228,lost,1
3229,available,9
3229,borrowed,3
3229,lost,1
3230,available,6
3230,borrowed,2
3231,available,15
3231,borrowed,5
3231,lost,2
3231,damaged,4
3232,available,10
3232,borrowed,2
3232,lost,1
3232,damaged,2
3233,available,8
3233,borrowed,3
3233,lost,1
3233,damaged,1
3234,available,9
3234,borrowed,2
3234,lost,1
3234,damaged,3
3235,available,10
3235,borrowed,2
3235,lost,2
3235,damaged,2
3236,available,8
3236,borrowed,2
3236,lost,1
3236,damaged,3
3237,available,7
3237,damaged,1
3238,available,6
3238,borrowed,3
3239,available,8
3239,borrowed,3
3239,damaged,1
3240,available,13
3240,borrowed,2
3240,lost,3
3240,damaged,1
3241,available,11
3241,borrowed,3
3241,damaged,2
3242,available,8
3242,borrowed,2
3242,lost,1
3242,damaged,2
3243,available,10
3243,borrowed,7
3243,damaged,2
3244,available,11
3244,borrowed,1
3244,lost,1
3244,damaged,3
3245,available,12
3245,borrowed,1
3245,lost,1
3245,damaged,3
3246,available,8
3246,borrowed,1
3246,damaged,2
3247,available,7
3247,borrowed,2
3247,damaged,2
3248,available,8
3248,borrowed,3
3248,lost,1
3248,damaged,1
3249,available,8
3249,borrowed,6
3249,lost,1
3249,damaged,1
3250,available,11
3250,borrowed,4
3250,lost,1
3250,damaged,6
3251,available,8
3251,borrowed,1
3251,damaged,2
3252,available,9
3252,borrowed,5
3252,lost,2
3252,damaged,1
3253,available,8
3253,borrowed,1
3253,lost,1
3253,damaged,1
3254,available,7
3254,borrowed,3
3254,damaged,1
3255,available,10
3255,borrowed,3
3255,lost,1
3255,damaged,1
3256,available,9
3256,borrowed,2
3256,lost,2
3257,available,10
3257,borrowed,2
3257,damaged,2
3258,available,7
3258,borrowed,3
3258,lost,2
3258,damaged,1
3259,available,7
3259,damaged,1
3260,available,11
3260,borrowed,2
3260,lost,3
3260,damaged,2
3261,available,11
3261,borrowed,2
3261,damaged,4
3262,available,8
3262,borrowed,1
3262,lost,2
3263,available,10
3263,borrowed,3
3263,damaged,4
3264,available,12
3264,borrowed,2
3264,lost,2
3264,damaged,6
3265,available,10
3265,borrowed,1
3265,damaged,4
3266,available,7
3266,borrowed,1
3266,damaged,2
3267,available,8
3267,borrowed,1
3267,damaged,2
3268,available,6
3268,borrowed,3
3268,damaged,1
3269,available,8
3269,borrowed,1
3269,lost,1
3270,available,10
3270,borrowed,4
3270,damaged,6
3271,available,9
3271,borrowed,2
3271,lost,1
3271,damaged,1
3272,available,13
3272,borrowed,1
3272,lost,2
3272,damaged,2
3273,available,9
3273,borrowed,6
3273,lost,1
3273,damaged,2
3274,available,12
3274,borrowed,3
3274,lost,1
3274,damaged,4
3275,available,11
3275,borrowed,3
3275,damaged,4
3276,available,8
3276,borrowed,4
3276,damaged,3
3277,available,14
3277,borrowed,9
3277,damaged,5
3278,available,8
3278,lost,1
3278,damaged,1
3279,available,6
3279,borrowed,2
3279,damaged,1
3280,available,9
3280,borrowed,3
3280,lost,1
3280,damaged,1
3281,available,8
3281,borrowed,2
3281,damaged,3
3282,available,7
3282,borrowed,4
3282,damaged,1
3283,available,8
3283,borrowed,4
3283,lost,1
3283,damaged,1
3284,available,12
3284,borrowed,3
3284,damaged,3
3285,available,8
3285,borrowed,3
3285,damaged,2
3286,available,10
3286,borrowed,3
3286,lost,2
3286,damaged,4
3287,available,9
3287,borrowed,1
3287,lost,2
3287,damaged,1
3288,available,10
3288,borrowed,1
3288,lost,1
3288,damaged,2
3289,available,12
3289,borrowed,6
3289,damaged,4
3290,available,11
3290,borrowed,5
3290,lost,2
3290,damaged,3
3291,available,8
3291,borrowed,3
3291,lost,1
3291,damaged,1
3292,available,7
3292,borrowed,3
3292,lost,1
3292,damaged,2
3293,available,12
3293,borrowed,2
3293,lost,2
3293,damaged,4
3294,available,10
3294,lost,1
3294,damaged,2
3295,available,9
3295,borrowed,3
3295,damaged,1
3296,available,8
3296,borrowed,2
3296,lost,2
3297,available,15
3297,borrowed,4
3297,lost,3
3297,damaged,3
3298,available,8
3298,borrowed,4
3298,damaged,3
3299,available,15
3299,borrowed,4
3299,lost,1
3299,damaged,5
3300,available,11
3300,borrowed,4
3300,lost,2
3300,damaged,4
3301,available,8
3301,borrowed,2
3301,lost,2
3302,available,12
3302,borrowed,3
3302,lost,2
3302,damaged,4
3303,available,12
3303,borrowed,3
3303,lost,1
3303,damaged,5
3304,available,9
3304,borrowed,4
3304,damaged,3
3305,available,12
3305,borrowed,1
3305,lost,2
3305,damaged,2
3306,available,13
3306,borrowed,3
3306,lost,3
3306,damaged,5
3307,available,8
3307,borrowed,1
3307,damaged,2
3308,available,12
3308,borrowed,1
3308,lost,1
3308,damaged,4
3309,available,11
3309,borrowed,2
3309,damaged,3
3310,available,9
3310,borrowed,4
3310,damaged,2
3311,available,13
3311,borrowed,8
3311,lost,1
3311,damaged,4
3312,available,7
3312,borrowed,2
3312,lost,1
3312,damaged,2
3313,available,8
3313,borrowed,5
3313,lost,1
3313,damaged,2
3314,available,8
3314,borrowed,1
3314,damaged,2
3315,available,9
3315,borrowed,4
3315,lost,2
3315,damaged,3
3316,available,12
3316,borrowed,7
3316,lost,1
3316,damaged,3
3317,available,9
3317,borrowed,3
3317,damaged,2
3318,available,8
3318,borrowed,3
3318,damaged,4
3319,available,8
3319,borrowed,1
3319,lost,1
3319,damaged,2
3320,available,14
3320,borrowed,1
3320,lost,2
3320,damaged,4
3321,available,9
3321,borrowed,3
3321,damaged,2
3322,available,12
3322,borrowed,6
3322,lost,2
3322,damaged,3
3323,available,10
3323,borrowed,2
3323,damaged,2
3324,available,13
3324,borrowed,3
3324,lost,1
3324,damaged,5
3325,available,9
3325,borrowed,1
3325,lost,1
3325,damaged,1
3326,available,7
3326,borrowed,4
3326,damaged,2
3327,available,11
3327,borrowed,3
3327,lost,1
3327,damaged,5
3328,available,8
3328,borrowed,2
3328,damaged,3
3329,available,8
3329,damaged,2
3330,available,9
3330,borrowed,1
3330,lost,1
3331,available,12
3331,borrowed,6
3331,lost,2
3331,damaged,4
3332,available,12
3332,borrowed,5
3332,lost,2
3332,damaged,3
3333,available,9
3333,borrowed,1
3333,lost,1
3333,damaged,1
3334,available,9
3334,borrowed,1
3334,lost,2
3335,available,9
3335,borrowed,4
3335,lost,1
3335,damaged,2
3336,available,11
3336,borrowed,5
3336,lost,3
3336,damaged,1
3337,available,7
3337,borrowed,2
3338,available,8
3338,borrowed,3
3338,lost,1
3338,damaged,1
3339,available,13
3339,borrowed,3
3339,lost,3
3339,damaged,2
3340,available,10
3340,borrowed,2
3340,damaged,2
3341,available,8
3341,borrowed,3
3341,damaged,1
3342,available,11
3342,borrowed,3
3342,lost,1
3342,damaged,4
3343,available,6
3343,borrowed,2
3343,damaged,1
3344,available,8
3344,borrowed,4
3344,damaged,2
3345,available,9
3345,borrowed,3
3345,lost,2
3345,damaged,2
3346,available,9
3346,borrowed,3
3346,lost,1
3346,damaged,3
3347,available,9
3347,borrowed,2
3347,damaged,2
3348,available,12
3348,borrowed,3
3348,lost,2
3348,damaged,6
3349,available,10
3349,borrowed,4
3349,damaged,3
3350,available,9
3350,borrowed,5
3350,damaged,3
3351,available,11
3351,damaged,5
3352,available,8
3352,borrowed,4
3352,lost,1
3352,damaged,2
3353,available,10
3353,borrowed,6
3353,lost,2
3353,damaged,2
3354,available,8
3354,borrowed,3
3354,lost,2
3355,available,11
3355,borrowed,3
3355,lost,3
3355,damaged,2
3356,available,10
3356,borrowed,2
3356,damaged,3
3357,available,11
3357,borrowed,2
3357,lost,2
3357,damaged,3
3358,available,12
3358,borrowed,4
3358,lost,2
3358,damaged,4
3359,available,10
3359,borrowed,4
3359,lost,1
3359,damaged,2
3360,available,9
3360,borrowed,3
3360,lost,1
3360,damaged,2
3361,available,8
3361,borrowed,4
3362,available,10
3362,borrowed,4
3362,damaged,3
3363,available,9
3363,borrowed,3
3363,lost,2
3363,damaged,3
3364,available,11
3364,borrowed,1
3364,damaged,4
3365,available,7
3365,borrowed,4
3365,damaged,1
3366,available,10
3366,borrowed,5
3366,damaged,4
3367,available,13
3367,borrowed,2
3367,lost,1
3367,damaged,5
3368,available,11
3368,borrowed,3
3368,lost,1
3368,damaged,4
3369,available,10
3369,borrowed,2
3369,damaged,7
3370,available,12
3370,borrowed,1
3370,lost,2
3370,damaged,4
3371,available,9
3371,borrowed,2
3371,lost,1
3371,damaged,1
3372,available,13
3372,borrowed,8
3372,lost,2
3372,damaged,3
3373,available,8
3373,borrowed,5
3373,damaged,2
3374,available,10
3374,borrowed,2
3374,lost,1
3374,damaged,2
3375,available,9
3375,borrowed,3
3375,lost,1
3375,damaged,5
3376,available,10
3376,borrowed,2
3376,lost,3
3377,available,7
3377,borrowed,3
3377,damaged,1
3378,available,14
3378,borrowed,3
3378,lost,2
3378,damaged,4
3379,available,11
3379,borrowed,2
3379,lost,1
3379,damaged,3
3380,available,11
3380,borrowed,5
3380,lost,1
3380,damaged,3
3381,available,9
3381,borrowed,6
3381,lost,2
3381,damaged,1
3382,available,7
3382,borrowed,1
3382,lost,1
3382,damaged,2
3383,available,9
3383,borrowed,3
3383,damaged,3
3384,available,8
3384,borrowed,2
3384,lost,1
3384,damaged,1
3385,available,11
3385,lost,1
3385,damaged,3
3386,available,7
3386,borrowed,3
3386,damaged,1
3387,available,7
3387,borrowed,4
3387,damaged,2
3388,available,9
3388,borrowed,4
3388,damaged,3
3389,available,9
3389,borrowed,3
3389,lost,1
3389,damaged,1
3390,available,7
3390,borrowed,5
3390,lost,1
3390,damaged,1
3391,available,6
3391,borrowed,4
3392,available,14
3392,borrowed,3
3392,lost,3
3392,damaged,4
3393,available,8
3393,borrowed,1
3393,lost,3
3393,damaged,1
3394,available,12
3394,borrowed,4
3394,lost,4
3394,damaged,3
3395,available,8
3395,borrowed,1
3395,lost,2
3396,available,10
3396,borrowed,3
3396,lost,2
3396,damaged,1
3397,available,9
3397,borrowed,4
3397,lost,3
3397,damaged,1
3398,available,8
3398,borrowed,1
3398,lost,1
3398,damaged,1
3399,available,8
3399,borrowed,2
3399,damaged,2
3400,available,7
3400,borrowed,2
3401,available,12
3401,borrowed,4
3401,lost,1
3401,damaged,3
3402,available,10
3402,borrowed,1
3402,lost,1
3402,damaged,2
3403,available,10
3403,borrowed,4
3403,lost,2
3404,available,10
3404,borrowed,4
3404,damaged,4
3405,available,8
3405,borrowed,2
3405,lost,1
3405,damaged,1
3406,available,11
3406,borrowed,6
3406,lost,1
3406,damaged,4
3407,available,9
3407,borrowed,2
3407,lost,1
3408,available,9
3408,borrowed,1
3408,damaged,1
3409,available,9
3409,damaged,4
3410,available,12
3410,borrowed,4
3410,lost,2
3410,damaged,2
3411,available,7
3411,borrowed,3
3411,lost,1
3412,available,10
3412,borrowed,1
3412,lost,2
3412,damaged,3
3413,available,9
3413,borrowed,7
3413,lost,2
3414,available,8
3414,borrowed,1
3414,lost,1
3414,damaged,1
3415,available,9
3415,borrowed,1
3415,damaged,4
3416,available,11
3416,borrowed,5
3416,lost,2
3416,damaged,2
3417,available,10
3417,borrowed,1
3417,lost,2
3417,damaged,4
3418,available,10
3418,borrowed,4
3418,damaged,4
3419,available,8
3419,borrowed,1
3419,lost,2
3419,damaged,1
3420,available,7
3420,borrowed,3
3421,available,7
3421,borrowed,2
3421,damaged,3
3422,available,8
3422,borrowed,5
3422,lost,1
3423,available,9
3423,borrowed,2
3423,lost,1
3424,available,8
3424,borrowed,1
3424,damaged,1
3425,available,9
3425,borrowed,2
3425,lost,2
3425,damaged,2
3426,available,8
3426,borrowed,1
3426,lost,1
3426,damaged,1
3427,available,9
3427,borrowed,5
3427,damaged,1
3428,available,8
3428,borrowed,3
3428,damaged,3
3429,available,11
3429,borrowed,1
3429,lost,3
3429,damaged,3
3430,available,10
3430,borrowed,3
3430,damaged,2
3431,available,10
3431,borrowed,4
3431,lost,3
3431,damaged,2
3432,available,10
3432,borrowed,2
3432,lost,3
3432,damaged,1
3433,available,9
3433,borrowed,1
3433,damaged,4
3434,available,8
3434,borrowed,3
3434,lost,2
3435,available,9
3435,borrowed,3
3435,damaged,3
3436,available,10
3436,borrowed,2
3436,lost,1
3436,damaged,3
3437,available,8
3437,borrowed,2
3437,damaged,1
3438,available,9
3438,borrowed,3
3438,lost,1
3438,damaged,3
3439,available,11
3439,borrowed,4
3439,lost,1
3440,available,10
3440,borrowed,3
3440,damaged,3
3441,available,8
3441,borrowed,1
3441,damaged,1
3442,available,7
3442,borrowed,1
3442,lost,1
3443,available,9
3443,borrowed,4
3443,lost,1
3443,damaged,4
3444,available,14
3444,borrowed,1
3444,damaged,3
3445,available,7
3445,borrowed,4
3446,available,8
3446,borrowed,3
3446,damaged,1
3447,available,8
3447,borrowed,2
3447,damaged,1
3448,available,9
3448,borrowed,3
3448,lost,1
3448,damaged,2
3449,available,11
3449,borrowed,4
3449,lost,4
3449,damaged,3
3450,available,11
3450,borrowed,2
3450,damaged,1
3451,available,8
3451,borrowed,4
3451,lost,1
3451,damaged,1
3452,available,7
3452,borrowed,3
3452,lost,1
3452,damaged,2
3453,available,10
3453,borrowed,3
3453,lost,1
3453,damaged,4
3454,available,11
3454,borrowed,3
3454,lost,2
3454,damaged,2
3455,available,9
3455,borrowed,3
3455,lost,1
3455,damaged,1
3456,available,6
3456,borrowed,2
3456,damaged,1
3457,available,10
3457,borrowed,3
3457,lost,3
3457,damaged,3
3458,available,8
3458,borrowed,3
3458,lost,1
3459,available,10
3459,borrowed,1
3459,lost,1
3459,damaged,5
3460,available,10
3460,borrowed,4
3460,lost,2
3460,damaged,2
3461,available,10
3461,borrowed,3
3461,lost,1
3461,damaged,2
3462,available,6
3462,borrowed,2
3462,lost,1
3463,available,6
3463,borrowed,2
3463,damaged,2
3464,available,7
3464,borrowed,1
3464,lost,1
3464,damaged,3
3465,available,9
3465,lost,1
3465,damaged,2
3466,available,9
3466,borrowed,2
3466,damaged,2
3467,available,6
3467,damaged,1
3468,available,8
3468,borrowed,2
3468,lost,1
3468,damaged,2
3469,available,11
3469,borrowed,6
3469,damaged,4
3470,available,11
3470,borrowed,1
3470,damaged,5
3471,available,5
3471,borrowed,3
3472,available,7
3472,borrowed,2
3472,lost,1
3472,damaged,1
3473,available,11
3473,borrowed,5
3473,lost,1
3473,damaged,3
3474,available,10
3474,borrowed,5
3474,lost,1
3474,damaged,3
3475,available,13
3475,lost,2
3475,damaged,2
3476,available,7
3476,borrowed,2
3476,damaged,1
3477,available,12
3477,borrowed,6
3477,damaged,6
3478,available,7
3478,lost,1
3479,available,10
3479,borrowed,2
3479,lost,1
3479,damaged,3
3480,available,9
3480,borrowed,3
3480,damaged,3
3481,available,10
3481,borrowed,3
3481,lost,1
3481,damaged,2
3482,available,12
3482,borrowed,4
3482,lost,1
3482,damaged,5
3483,available,10
3483,borrowed,3
3483,damaged,5
3484,available,12
3484,borrowed,5
3484,damaged,4
3485,available,9
3485,borrowed,4
3485,lost,1
3485,damaged,1
3486,available,11
3486,borrowed,2
3486,damaged,5
3487,available,9
3487,borrowed,2
3487,lost,1
3487,damaged,3
3488,available,13
3488,borrowed,4
3488,lost,1
3489,available,10
3489,borrowed,1
3489,lost,1
3489,damaged,2
3490,available,15
3490,damaged,4
3491,available,10
3491,borrowed,4
3491,damaged,3
3492,available,8
3492,borrowed,2
3492,lost,1
3492,damaged,1
3493,available,9
3493,borrowed,2
3493,lost,2
3493,damaged,2
3494,available,8
3494,borrowed,2
3494,lost,1
3494,damaged,4
3495,available,8
3495,borrowed,3
3495,lost,1
3495,damaged,1
3496,available,10
3496,borrowed,1
3496,lost,1
3496,damaged,3
3497,available,12
3497,borrowed,3
3497,lost,2
3497,damaged,3
3498,available,10
3498,lost,2
3498,damaged,3
3499,available,10
3499,borrowed,4
3499,lost,3
3499,damaged,1
3500,available,11
3500,borrowed,9
3500,lost,1
3500,damaged,1
3501,available,12
3501,borrowed,5
3501,lost,2
3501,damaged,5
3502,available,11
3502,borrowed,3
3502,lost,3
3502,damaged,1
3503,available,11
3503,borrowed,2
3504,available,7
3504,borrowed,3
3504,damaged,1
3505,available,11
3505,borrowed,1
3505,lost,1
3505,damaged,4
3506,available,11
3506,borrowed,1
3506,lost,1
3506,damaged,3
3507,available,10
3507,borrowed,1
3507,damaged,2
3508,available,10
3508,borrowed,2
3508,damaged,4
3509,available,9
3509,borrowed,5
3510,available,11
3510,borrowed,4
3510,lost,2
3510,damaged,2
3511,available,11
3511,borrowed,2
3511,lost,1
3511,damaged,3
3512,available,13
3512,lost,2
3512,damaged,5
3513,available,13
3513,borrowed,4
3513,lost,2
3513,damaged,6
3514,available,9
3514,borrowed,2
3514,lost,1
3514,damaged,3
3515,available,10
3515,borrowed,4
3515,lost,2
3515,damaged,3
3516,available,10
3516,borrowed,4
3516,damaged,3
3517,available,7
3517,borrowed,2
3518,available,6
3518,borrowed,2
3519,available,10
3519,borrowed,2
3519,damaged,3
3520,available,8
3520,borrowed,2
3520,damaged,2
3521,available,8
3521,borrowed,4
3521,lost,2
3521,damaged,2
3522,available,7
3522,borrowed,4
3522,damaged,1
3523,available,11
3523,borrowed,2
3523,lost,2
3523,damaged,3
3524,available,13
3524,borrowed,7
3524,lost,3
3524,damaged,3
3525,available,8
3525,borrowed,4
3525,lost,1
3526,available,11
3526,borrowed,4
3526,lost,3
3526,damaged,2
3527,available,8
3527,borrowed,4
3527,lost,2
3528,available,11
3528,borrowed,3
3528,lost,2
3528,damaged,3
3529,available,11
3529,borrowed,3
3529,damaged,5
3530,available,10
3530,borrowed,6
3530,lost,2
3530,damaged,1
3531,available,10
3531,borrowed,1
3531,lost,1
3531,damaged,4
3532,available,6
3532,borrowed,1
3533,available,9
3533,borrowed,1
3533,lost,2
3533,damaged,5
3534,available,9
3534,borrowed,2
3534,lost,1
3534,damaged,3
3535,available,9
3535,borrowed,8
3535,lost,1
3536,available,11
3536,borrowed,1
3536,damaged,5
3537,available,7
3537,borrowed,2
3538,available,11
3538,lost,1
3538,damaged,1
3539,available,10
3539,lost,3
3540,available,8
3540,borrowed,4
3540,damaged,2
3541,available,9
3541,lost,1
3541,damaged,4
3542,available,14
3542,borrowed,8
3542,lost,3
3542,damaged,3
3543,available,9
3543,borrowed,1
3543,lost,1
3544,available,11
3544,borrowed,5
3544,damaged,2
3545,available,13
3545,borrowed,3
3545,lost,1
3545,damaged,6
3546,available,9
3546,borrowed,2
3546,lost,2
3546,damaged,1
3547,available,12
3547,borrowed,3
3547,lost,3
3547,damaged,1
3548,available,10
3548,borrowed,3
3548,lost,2
3548,damaged,2
3549,available,12
3549,borrowed,1
3549,lost,1
3549,damaged,3
3550,available,14
3550,borrowed,3
3550,lost,1
3550,damaged,6
3551,available,8
3551,borrowed,3
3551,lost,2
3551,damaged,3
3552,available,9
3552,borrowed,1
3552,lost,1
3552,damaged,3
3553,available,9
3553,borrowed,1
3553,lost,1
3553,damaged,2
3554,available,10
3554,borrowed,3
3554,lost,1
3554,damaged,3
3555,available,10
3555,borrowed,9
3555,damaged,1
3556,available,9
3556,borrowed,2
3556,lost,1
3556,damaged,1
3557,available,5
3557,borrowed,1
3558,available,12
3558,borrowed,2
3558,lost,2
3558,damaged,4
3559,available,10
3559,borrowed,3
3559,damaged,2
3560,available,7
3560,borrowed,4
3560,lost,1
3560,damaged,1
3561,available,8
3561,borrowed,2
3561,lost,1
3562,available,11
3562,borrowed,5
3562,lost,2
3562,damaged,2
3563,available,7
3563,lost,1
3563,damaged,1
3564,available,9
3564,borrowed,4
3564,damaged,2
3565,available,9
3565,borrowed,2
3565,lost,4
3566,available,8
3566,borrowed,1
3566,lost,1
3566,damaged,3
3567,available,10
3567,borrowed,3
3567,lost,2
3567,damaged,2
3568,available,6
3568,borrowed,3
3568,damaged,1
3569,available,9
3569,borrowed,2
3569,lost,1
3570,available,11
3570,borrowed,1
3570,lost,1
3570,damaged,6
3571,available,11
3571,borrowed,3
3571,lost,2
3571,damaged,2
3572,available,14
3572,borrowed,1
3572,lost,2
3572,damaged,6
3573,available,11
3573,borrowed,3
3573,lost,1
3573,damaged,4
3574,available,11
3574,borrowed,2
3574,lost,2
3574,damaged,4
3575,available,14
3575,borrowed,3
3575,damaged,7
3576,available,8
3576,borrowed,3
3576,damaged,1
3577,available,13
3577,borrowed,3
3577,damaged,6
3578,available,11
3578,borrowed,4
3578,lost,3
3578,damaged,3
3579,available,12
3579,borrowed,10
3579,lost,1
3580,available,12
3580,borrowed,1
3580,damaged,5
3581,available,10
3581,borrowed,6
3581,lost,1
3581,damaged,3
3582,available,8
3582,borrowed,3
3582,damaged,1
3583,available,8
3583,borrowed,1
3583,damaged,2
3584,available,9
3584,borrowed,3
3584,damaged,1
3585,available,7
3585,borrowed,2
3585,damaged,1
3586,available,9
3586,borrowed,1
3586,lost,2
3586,damaged,1
3587,available,6
3587,borrowed,2
3587,lost,1
3587,damaged,1
3588,available,11
3588,borrowed,2
3588,damaged,2
3589,available,14
3589,borrowed,2
3589,lost,3
3589,damaged,2
3590,available,8
3590,borrowed,4
3590,lost,2
3590,damaged,1
3591,available,16
3591,borrowed,1
3591,lost,1
3591,damaged,8
3592,available,9
3592,borrowed,4
3592,damaged,2
3593,available,9
3593,borrowed,7
3593,lost,2
3594,available,8
3594,borrowed,2
3594,damaged,2
3595,available,10
3595,borrowed,3
3595,lost,1
3595,damaged,1
3596,available,10
3596,borrowed,2
3596,lost,1
3596,damaged,2
3597,available,11
3597,borrowed,4
3597,damaged,2
3598,available,7
3598,borrowed,4
3598,damaged,2
3599,available,10
3599,borrowed,1
3599,damaged,1
3600,available,11
3600,borrowed,3
3600,lost,1
3600,damaged,3
3601,available,7
3601,borrowed,3
3601,lost,1
3601,damaged,1
3602,available,8
3602,borrowed,2
3602,damaged,4
3603,available,7
3603,borrowed,2
3603,lost,1
3603,damaged,2
3604,available,9
3604,borrowed,5
3604,lost,1
3604,damaged,3
3605,available,12
3605,borrowed,4
3605,lost,2
3605,damaged,4
3606,available,9
3606,borrowed,1
3606,lost,2
3606,damaged,2
3607,available,10
3607,borrowed,4
3607,lost,1
3607,damaged,4
3608,available,9
3608,lost,1
3608,damaged,2
3609,available,9
3609,borrowed,5
3609,lost,1
3609,damaged,2
3610,available,9
3610,borrowed,2
3610,damaged,1
3611,available,11
3611,borrowed,1
3611,lost,2
3611,damaged,2
3612,available,7
3612,borrowed,2
3613,available,8
3613,borrowed,1
3613,damaged,2
3614,available,12
3614,borrowed,4
3614,damaged,4
3615,available,9
3615,borrowed,2
3615,damaged,2
3616,available,10
3616,borrowed,1
3616,damaged,3
3617,available,7
3617,borrowed,2
3617,lost,1
3617,damaged,3
3618,available,8
3618,borrowed,1
3618,damaged,2
3619,available,9
3619,borrowed,2
3619,damaged,3
3620,available,11
3620,borrowed,1
3620,lost,3
3620,damaged,1
3621,available,7
3621,borrowed,1
3621,lost,1
3621,damaged,1
3622,available,10
3622,borrowed,3
3622,lost,1
3622,damaged,2
3623,available,9
3623,borrowed,5
3623,damaged,3
3624,available,11
3624,borrowed,1
3624,damaged,4
3625,available,10
3625,borrowed,1
3625,lost,2
3625,damaged,2
3626,available,10
3626,borrowed,2
3626,lost,1
3626,damaged,5
3627,available,11
3627,borrowed,4
3627,lost,2
3627,damaged,3
3628,available,9
3628,borrowed,1
3628,lost,1
3628,damaged,2
3629,available,7
3629,borrowed,2
3629,damaged,1
3630,available,9
3630,borrowed,4
3630,damaged,3
3631,available,13
3631,borrowed,3
3631,lost,2
3631,damaged,4
3632,available,10
3632,borrowed,6
3632,lost,2
3632,damaged,2
3633,available,15
3633,borrowed,4
3633,lost,3
3633,damaged,2
3634,available,9
3634,lost,1
3634,damaged,1
3635,available,13
3635,borrowed,7
3635,lost,1
3635,damaged,4
3636,available,10
3636,borrowed,4
3636,lost,3
3636,damaged,3
3637,available,9
3637,borrowed,1
3637,lost,1
3637,damaged,4
3638,available,9
3638,borrowed,4
3638,damaged,2
3639,available,10
3639,borrowed,3
3639,damaged,6
3640,available,7
3640,borrowed,3
3640,damaged,2
3641,available,6
3641,borrowed,2
3641,lost,2
3641,damaged,1
3642,available,12
3642,borrowed,6
3642,lost,2
3642,damaged,4
3643,available,10
3643,borrowed,1
3643,lost,1
3643,damaged,5
3644,available,8
3644,borrowed,1
3644,lost,2
3645,available,10
3645,borrowed,3
3645,damaged,2
3646,available,8
3646,borrowed,1
3646,lost,1
3646,damaged,2
3647,available,13
3647,borrowed,3
3647,lost,5
3647,damaged,3
3648,available,9
3648,borrowed,1
3648,lost,1
3648,damaged,2
3649,available,8
3649,borrowed,1
3649,lost,1
3649,damaged,1
3650,available,11
3650,borrowed,4
3650,lost,2
3650,damaged,4
3651,available,8
3651,borrowed,3
3651,lost,1
3651,damaged,1
3652,available,10
3652,borrowed,8
3652,damaged,2
3653,available,8
3653,borrowed,2
3653,damaged,1
3654,available,10
3654,borrowed,1
3654,damaged,3
3655,available,7
3655,lost,1
3655,damaged,1
3656,available,11
3656,borrowed,3
3656,lost,3
3656,damaged,3
3657,available,10
3657,borrowed,2
3657,lost,1
3657,damaged,1
3658,available,10
3658,borrowed,2
3658,damaged,4
3659,available,11
3659,damaged,3
3660,available,8
3660,borrowed,2
3660,damaged,1
3661,available,8
3661,borrowed,2
3661,damaged,2
3662,available,7
3662,borrowed,4
3662,lost,1
3663,available,10
3663,borrowed,5
3663,lost,2
3663,damaged,1
3664,available,8
3664,borrowed,2
3664,lost,1
3664,damaged,3
3665,available,10
3665,borrowed,5
3665,damaged,5
3666,available,9
3666,borrowed,5
3666,damaged,3
3667,available,10
3667,borrowed,3
3667,lost,1
3667,damaged,4
3668,available,9
3668,borrowed,2
3668,damaged,3
3669,available,8
3669,borrowed,4
3669,damaged,2
3670,available,11
3670,lost,2
3670,damaged,2
3671,available,10
3671,borrowed,2
3671,damaged,4
3672,available,7
3672,borrowed,2
3672,lost,1
3672,damaged,1
3673,available,15
3673,borrowed,7
3673,lost,3
3673,damaged,3
3674,available,8
3674,borrowed,4
3674,damaged,2
3675,available,10
3675,borrowed,2
3675,lost,1
3675,damaged,1
3676,available,7
3676,borrowed,3
3676,lost,1
3676,damaged,1
3677,available,10
3677,borrowed,4
3677,damaged,4
3678,available,10
3678,borrowed,3
3678,lost,1
3678,damaged,4
3679,available,9
3679,borrowed,3
3679,lost,1
3679,damaged,2
3680,available,8
3680,borrowed,2
3680,damaged,1
3681,available,13
3681,borrowed,3
3681,lost,2
3681,damaged,4
3682,available,9
3682,lost,1
3682,damaged,3
3683,available,5
3683,borrowed,1
3684,available,6
3684,borrowed,2
3684,damaged,1
3685,available,7
3685,borrowed,2
3685,lost,1
3685,damaged,1
3686,available,12
3686,borrowed,2
3686,lost,2
3686,damaged,3
3687,available,11
3687,borrowed,2
3687,lost,1
3687,damaged,2
3688,available,11
3688,borrowed,4
3688,lost,2
3688,damaged,2
3689,available,10
3689,borrowed,1
3689,lost,2
3689,damaged,2
3690,available,11
3690,borrowed,5
3690,lost,2
3690,damaged,2
3691,available,10
3691,borrowed,4
3691,damaged,2
3692,available,8
3692,borrowed,2
3692,damaged,2
3693,available,6
3693,borrowed,1
3693,lost,1
3693,damaged,2
3694,available,11
3694,borrowed,3
3694,damaged,5
3695,available,12
3695,borrowed,1
3695,lost,1
3695,damaged,3
3696,available,11
3696,lost,2
3696,damaged,3
3697,available,8
3697,borrowed,1
3697,damaged,2
3698,available,8
3698,borrowed,2
3698,lost,1
3698,damaged,1
3699,available,12
3699,borrowed,5
3699,damaged,6
3700,available,11
3700,borrowed,2
3700,damaged,4
3701,available,6
3701,borrowed,3
3701,damaged,1
3702,available,11
3702,borrowed,3
3702,lost,1
3702,damaged,3
3703,available,8
3703,borrowed,1
3703,damaged,2
3704,available,8
3704,borrowed,1
3704,damaged,3
3705,available,13
3705,borrowed,2
3705,lost,3
3705,damaged,2
3706,available,6
3706,borrowed,4
3706,damaged,1
3707,available,11
3707,borrowed,3
3707,lost,1
3708,available,9
3708,borrowed,2
3708,damaged,1
3709,available,8
3709,borrowed,2
3709,lost,3
3710,available,12
3710,borrowed,2
3710,damaged,3
3711,available,10
3711,borrowed,5
3711,lost,1
3711,damaged,2
3712,available,7
3712,borrowed,4
3712,damaged,2
3713,available,10
3713,borrowed,4
3713,damaged,1
3714,available,10
3714,borrowed,1
3714,damaged,2
3715,available,8
3715,borrowed,1
3715,damaged,2
3716,available,6
3716,borrowed,1
3716,damaged,2
3717,available,10
3717,borrowed,3
3717,lost,1
3717,damaged,4
3718,available,8
3718,borrowed,5
3718,lost,1
3718,damaged,1
3719,available,11
3719,borrowed,3
3719,damaged,4
3720,available,10
3720,damaged,1
3721,available,10
3721,borrowed,1
3721,lost,1
3721,damaged,3
3722,available,8
3722,borrowed,3
3722,lost,1
3722,damaged,1
3723,available,9
3723,borrowed,4
3723,damaged,4
3724,available,9
3724,borrowed,5
3724,lost,2
3725,available,11
3725,borrowed,4
3725,lost,4
3725,damaged,2
3726,available,13
3726,borrowed,3
3726,damaged,4
3727,available,9
3727,borrowed,4
3727,lost,1
3727,damaged,2
3728,available,9
3728,borrowed,2
3728,lost,1
3729,available,9
3729,borrowed,4
3729,damaged,4
3730,available,7
3730,borrowed,1
3730,lost,1
3730,damaged,2
3731,available,9
3731,borrowed,7
3731,lost,1
3731,damaged,1
3732,available,8
3732,borrowed,3
3732,lost,2
3732,damaged,1
3733,available,12
3733,borrowed,2
3733,lost,2
3733,damaged,3
3734,available,13
3734,borrowed,3
3734,lost,3
3734,damaged,4
3735,available,8
3735,borrowed,2
3735,lost,1
3735,damaged,1
3736,available,7
3736,borrowed,1
3736,lost,1
3736,damaged,4
3737,available,10
3737,borrowed,2
3737,lost,1
3737,damaged,2
3738,available,11
3738,lost,1
3738,damaged,2
3739,available,12
3739,borrowed,4
3739,lost,2
3739,damaged,2
3740,available,12
3740,borrowed,4
3740,damaged,6
3741,available,7
3741,borrowed,1
3741,damaged,2
3742,available,9
3742,borrowed,5
3742,lost,1
3743,available,8
3743,borrowed,1
3743,lost,1
